{"cameraMode":{"drawMode":0,"name":"Shaded","section":"Shading Mode"},"sceneLighting":true,"audioPlay":false,"sceneViewState":{"m_AlwaysRefresh":false,"showFog":true,"showSkybox":true,"showFlares":true,"showImageEffects":true,"showParticleSystems":true,"showVisualEffectGraphs":true,"m_FxEnabled":true},"in2DMode":false,"pivot":{"x":23.174999237060548,"y":2.0149998664855959,"z":27.924999237060548},"rotation":{"x":-0.030635621398687364,"y":0.8302192687988281,"z":-0.04590427502989769,"w":-0.5549370646476746},"size":2.2751855850219728,"orthographic":false}