{"cameraMode":{"drawMode":0,"name":"Shaded","section":"Shading Mode"},"sceneLighting":false,"audioPlay":false,"sceneViewState":{"m_AlwaysRefresh":false,"showFog":true,"showSkybox":false,"showFlares":true,"showImageEffects":true,"showParticleSystems":true,"showVisualEffectGraphs":true,"m_FxEnabled":true},"in2DMode":false,"pivot":{"x":0.030422169715166093,"y":-0.026310786604881288,"z":-0.036780551075935367},"rotation":{"x":0.010069691576063633,"y":0.3626500368118286,"z":0.0038826982490718366,"w":-0.9320040941238403},"size":0.20315301418304444,"orthographic":false}