{"cameraMode":{"drawMode":0,"name":"Shaded","section":"Shading Mode"},"sceneLighting":false,"audioPlay":false,"sceneViewState":{"m_AlwaysRefresh":false,"showFog":true,"showSkybox":false,"showFlares":true,"showImageEffects":true,"showParticleSystems":true,"showVisualEffectGraphs":true,"m_FxEnabled":true},"in2DMode":false,"pivot":{"x":-0.9300000071525574,"y":-1.2720000743865967,"z":-0.4009999930858612},"rotation":{"x":-0.025420019403100015,"y":0.22712966799736024,"z":-0.005960064008831978,"w":-0.9736495614051819},"size":0.3371943235397339,"orthographic":false}