{"cameraMode":{"drawMode":0,"name":"Shaded","section":"Shading Mode"},"sceneLighting":false,"audioPlay":false,"sceneViewState":{"m_AlwaysRefresh":false,"showFog":true,"showSkybox":false,"showFlares":true,"showImageEffects":true,"showParticleSystems":true,"showVisualEffectGraphs":true,"m_FxEnabled":true},"in2DMode":false,"pivot":{"x":0.6767451167106628,"y":-0.042388565838336948,"z":0.4667128920555115},"rotation":{"x":-0.030778851360082628,"y":-0.31279537081718447,"z":0.010135742835700512,"w":-0.9492854475975037},"size":0.649750828742981,"orthographic":false}